<?xml version="1.0" encoding="UTF-8"?>
<configurationDescriptor version="100">
  <logicalFolder name="root" displayName="root" projectFiles="true" kind="ROOT">
    <logicalFolder name="HeaderFiles"
                   displayName="Header Files"
                   projectFiles="true">
      <itemPath>Arbeitsspeicher.h</itemPath>
      <itemPath>Betriebssystem.h</itemPath>
      <itemPath>Byte.h</itemPath>
      <itemPath>CPU.h</itemPath>
      <itemPath>Festplatte.h</itemPath>
      <itemPath>MMU.h</itemPath>
      <itemPath>Prozess.h</itemPath>
      <itemPath>Rahmen.h</itemPath>
      <itemPath>Seite.h</itemPath>
      <itemPath>Seitentabelle.h</itemPath>
      <itemPath>settings.h</itemPath>
    </logicalFolder>
    <logicalFolder name="ResourceFiles"
                   displayName="Resource Files"
                   projectFiles="true">
    </logicalFolder>
    <logicalFolder name="SourceFiles"
                   displayName="Source Files"
                   projectFiles="true">
      <itemPath>Arbeitsspeicher.cpp</itemPath>
      <itemPath>Betriebssystem.cpp</itemPath>
      <itemPath>Byte.cpp</itemPath>
      <itemPath>CPU.cpp</itemPath>
      <itemPath>Festplatte.cpp</itemPath>
      <itemPath>MMU.cpp</itemPath>
      <itemPath>Prozess.cpp</itemPath>
      <itemPath>Rahmen.cpp</itemPath>
      <itemPath>Seite.cpp</itemPath>
      <itemPath>Seitentabelle.cpp</itemPath>
      <itemPath>main.cpp</itemPath>
    </logicalFolder>
    <logicalFolder name="TestFiles"
                   displayName="Test Files"
                   projectFiles="false"
                   kind="TEST_LOGICAL_FOLDER">
    </logicalFolder>
    <logicalFolder name="ExternalFiles"
                   displayName="Important Files"
                   projectFiles="false"
                   kind="IMPORTANT_FILES_FOLDER">
      <itemPath>Makefile</itemPath>
    </logicalFolder>
  </logicalFolder>
  <projectmakefile>Makefile</projectmakefile>
  <confs>
    <conf name="Debug" type="1">
      <toolsSet>
        <compilerSet>default</compilerSet>
        <dependencyChecking>true</dependencyChecking>
        <rebuildPropChanged>false</rebuildPropChanged>
      </toolsSet>
      <compileType>
        <ccTool>
          <standard>8</standard>
        </ccTool>
      </compileType>
      <item path="Arbeitsspeicher.cpp" ex="false" tool="1" flavor2="0">
      </item>
      <item path="Arbeitsspeicher.h" ex="false" tool="3" flavor2="0">
      </item>
      <item path="Betriebssystem.cpp" ex="false" tool="1" flavor2="0">
      </item>
      <item path="Betriebssystem.h" ex="false" tool="3" flavor2="0">
      </item>
      <item path="Byte.cpp" ex="false" tool="1" flavor2="0">
      </item>
      <item path="Byte.h" ex="false" tool="3" flavor2="0">
      </item>
      <item path="CPU.cpp" ex="false" tool="1" flavor2="0">
      </item>
      <item path="CPU.h" ex="false" tool="3" flavor2="0">
      </item>
      <item path="Festplatte.cpp" ex="false" tool="1" flavor2="0">
      </item>
      <item path="Festplatte.h" ex="false" tool="3" flavor2="0">
      </item>
      <item path="MMU.cpp" ex="false" tool="1" flavor2="0">
      </item>
      <item path="MMU.h" ex="false" tool="3" flavor2="0">
      </item>
      <item path="Prozess.cpp" ex="false" tool="1" flavor2="0">
      </item>
      <item path="Prozess.h" ex="false" tool="3" flavor2="0">
      </item>
      <item path="Rahmen.cpp" ex="false" tool="1" flavor2="0">
      </item>
      <item path="Rahmen.h" ex="false" tool="3" flavor2="0">
      </item>
      <item path="Seite.cpp" ex="false" tool="1" flavor2="0">
      </item>
      <item path="Seite.h" ex="false" tool="3" flavor2="0">
      </item>
      <item path="Seitentabelle.cpp" ex="false" tool="1" flavor2="0">
      </item>
      <item path="Seitentabelle.h" ex="false" tool="3" flavor2="0">
      </item>
      <item path="main.cpp" ex="false" tool="1" flavor2="0">
      </item>
      <item path="settings.h" ex="false" tool="3" flavor2="0">
      </item>
    </conf>
    <conf name="Release" type="1">
      <toolsSet>
        <compilerSet>default</compilerSet>
        <dependencyChecking>true</dependencyChecking>
        <rebuildPropChanged>false</rebuildPropChanged>
      </toolsSet>
      <compileType>
        <cTool>
          <developmentMode>5</developmentMode>
        </cTool>
        <ccTool>
          <developmentMode>5</developmentMode>
          <standard>8</standard>
        </ccTool>
        <fortranCompilerTool>
          <developmentMode>5</developmentMode>
        </fortranCompilerTool>
        <asmTool>
          <developmentMode>5</developmentMode>
        </asmTool>
      </compileType>
      <item path="Arbeitsspeicher.cpp" ex="false" tool="1" flavor2="0">
      </item>
      <item path="Arbeitsspeicher.h" ex="false" tool="3" flavor2="0">
      </item>
      <item path="Betriebssystem.cpp" ex="false" tool="1" flavor2="0">
      </item>
      <item path="Betriebssystem.h" ex="false" tool="3" flavor2="0">
      </item>
      <item path="Byte.cpp" ex="false" tool="1" flavor2="0">
      </item>
      <item path="Byte.h" ex="false" tool="3" flavor2="0">
      </item>
      <item path="CPU.cpp" ex="false" tool="1" flavor2="0">
      </item>
      <item path="CPU.h" ex="false" tool="3" flavor2="0">
      </item>
      <item path="Festplatte.cpp" ex="false" tool="1" flavor2="0">
      </item>
      <item path="Festplatte.h" ex="false" tool="3" flavor2="0">
      </item>
      <item path="MMU.cpp" ex="false" tool="1" flavor2="0">
      </item>
      <item path="MMU.h" ex="false" tool="3" flavor2="0">
      </item>
      <item path="Prozess.cpp" ex="false" tool="1" flavor2="0">
      </item>
      <item path="Prozess.h" ex="false" tool="3" flavor2="0">
      </item>
      <item path="Rahmen.cpp" ex="false" tool="1" flavor2="0">
      </item>
      <item path="Rahmen.h" ex="false" tool="3" flavor2="0">
      </item>
      <item path="Seite.cpp" ex="false" tool="1" flavor2="0">
      </item>
      <item path="Seite.h" ex="false" tool="3" flavor2="0">
      </item>
      <item path="Seitentabelle.cpp" ex="false" tool="1" flavor2="0">
      </item>
      <item path="Seitentabelle.h" ex="false" tool="3" flavor2="0">
      </item>
      <item path="main.cpp" ex="false" tool="1" flavor2="0">
      </item>
      <item path="settings.h" ex="false" tool="3" flavor2="0">
      </item>
    </conf>
  </confs>
</configurationDescriptor>
