<?xml version="1.0" encoding="UTF-8"?>
<configurationDescriptor version="100">
  <logicalFolder name="root" displayName="root" projectFiles="true" kind="ROOT">
    <logicalFolder name="HeaderFiles"
                   displayName="Header Files"
                   projectFiles="true">
      <itemPath>Commander.h</itemPath>
      <itemPath>Process.h</itemPath>
      <itemPath>Processmanager.h</itemPath>
      <itemPath>Reporter.h</itemPath>
      <itemPath>header.h</itemPath>
      <itemPath>pidgenerator.h</itemPath>
    </logicalFolder>
    <logicalFolder name="ResourceFiles"
                   displayName="Resource Files"
                   projectFiles="true">
    </logicalFolder>
    <logicalFolder name="SourceFiles"
                   displayName="Source Files"
                   projectFiles="true">
      <itemPath>Processmanager.cpp</itemPath>
      <itemPath>Reporter.cpp</itemPath>
      <itemPath>main.cpp</itemPath>
      <itemPath>pidgenerator.cpp</itemPath>
    </logicalFolder>
    <logicalFolder name="TestFiles"
                   displayName="Test Files"
                   projectFiles="false"
                   kind="TEST_LOGICAL_FOLDER">
    </logicalFolder>
    <logicalFolder name="ExternalFiles"
                   displayName="Important Files"
                   projectFiles="false"
                   kind="IMPORTANT_FILES_FOLDER">
      <itemPath>Makefile</itemPath>
    </logicalFolder>
  </logicalFolder>
  <projectmakefile>Makefile</projectmakefile>
  <confs>
    <conf name="Debug" type="1">
      <toolsSet>
        <compilerSet>default</compilerSet>
        <dependencyChecking>true</dependencyChecking>
        <rebuildPropChanged>false</rebuildPropChanged>
      </toolsSet>
      <compileType>
        <ccTool>
          <standard>8</standard>
        </ccTool>
      </compileType>
      <item path="Commander.h" ex="false" tool="3" flavor2="0">
      </item>
      <item path="Process.h" ex="false" tool="3" flavor2="0">
      </item>
      <item path="Processmanager.cpp" ex="false" tool="1" flavor2="0">
      </item>
      <item path="Processmanager.h" ex="false" tool="3" flavor2="0">
      </item>
      <item path="Reporter.cpp" ex="false" tool="1" flavor2="0">
      </item>
      <item path="Reporter.h" ex="false" tool="3" flavor2="0">
      </item>
      <item path="header.h" ex="false" tool="3" flavor2="0">
      </item>
      <item path="main.cpp" ex="false" tool="1" flavor2="0">
      </item>
      <item path="pidgenerator.cpp" ex="false" tool="1" flavor2="0">
      </item>
      <item path="pidgenerator.h" ex="false" tool="3" flavor2="0">
      </item>
    </conf>
    <conf name="Release" type="1">
      <toolsSet>
        <compilerSet>default</compilerSet>
        <dependencyChecking>true</dependencyChecking>
        <rebuildPropChanged>false</rebuildPropChanged>
      </toolsSet>
      <compileType>
        <cTool>
          <developmentMode>5</developmentMode>
        </cTool>
        <ccTool>
          <developmentMode>5</developmentMode>
          <standard>8</standard>
        </ccTool>
        <fortranCompilerTool>
          <developmentMode>5</developmentMode>
        </fortranCompilerTool>
        <asmTool>
          <developmentMode>5</developmentMode>
        </asmTool>
      </compileType>
      <item path="Commander.h" ex="false" tool="3" flavor2="0">
      </item>
      <item path="Process.h" ex="false" tool="3" flavor2="0">
      </item>
      <item path="Processmanager.cpp" ex="false" tool="1" flavor2="0">
      </item>
      <item path="Processmanager.h" ex="false" tool="3" flavor2="0">
      </item>
      <item path="Reporter.cpp" ex="false" tool="1" flavor2="0">
      </item>
      <item path="Reporter.h" ex="false" tool="3" flavor2="0">
      </item>
      <item path="header.h" ex="false" tool="3" flavor2="0">
      </item>
      <item path="main.cpp" ex="false" tool="1" flavor2="0">
      </item>
      <item path="pidgenerator.cpp" ex="false" tool="1" flavor2="0">
      </item>
      <item path="pidgenerator.h" ex="false" tool="3" flavor2="0">
      </item>
    </conf>
  </confs>
</configurationDescriptor>
