<?xml version="1.0" encoding="UTF-8"?>
<project-private xmlns="http://www.netbeans.org/ns/project-private/1">
    <data xmlns="http://www.netbeans.org/ns/make-project-private/1">
        <activeConfTypeElem>1</activeConfTypeElem>
        <activeConfIndexElem>0</activeConfIndexElem>
    </data>
    <editor-bookmarks xmlns="http://www.netbeans.org/ns/editor-bookmarks/2" lastBookmarkId="0"/>
    <open-files xmlns="http://www.netbeans.org/ns/projectui-open-files/2">
        <group>
            <file>file:/Z:/Programme/Netbeans/Projects/Reader-Writer%20Problem/database.cpp</file>
            <file>file:/Z:/Programme/Netbeans/Projects/Reader-Writer%20Problem/main.cpp</file>
            <file>file:/Z:/Programme/Netbeans/Projects/Reader-Writer%20Problem/database.h</file>
            <file>file:/Z:/Programme/Netbeans/Projects/Reader-Writer%20Problem/stopwatch.h</file>
        </group>
    </open-files>
</project-private>
